,Links
0,https://www.youtube.com/watch?v=08g3HzNim3U
1,https://www.youtube.com/watch?v=ImHAKuX6rrc
2,https://www.youtube.com/watch?v=-27dXoSFcqM
3,https://www.youtube.com/watch?v=NW4MZECISfc
4,https://www.youtube.com/watch?v=rWo55DgWKEs
5,https://www.youtube.com/watch?v=j42EDA3piUE
6,https://www.youtube.com/watch?v=e9mvnYBpVmg
7,https://www.youtube.com/watch?v=io3-WMlxjlY
8,https://www.youtube.com/watch?v=Fk9RX6MQwM8
9,https://www.youtube.com/watch?v=NCUFruSBpS4
10,https://www.youtube.com/watch?v=LGu4KSyUi3g
11,https://www.youtube.com/watch?v=SdaOWM6qx3U
12,https://www.youtube.com/watch?v=yRRKAYqMRfY
13,https://www.youtube.com/watch?v=NZzMrQsHs3g
14,https://www.youtube.com/watch?v=oPRJAIZAMus
15,https://www.youtube.com/watch?v=OWTxQUY44u4
16,https://www.youtube.com/watch?v=UoZKL7CJHiA
17,https://www.youtube.com/watch?v=eWz2s4DX-_w
18,https://www.youtube.com/watch?v=Sso6N3seuDw
19,https://www.youtube.com/watch?v=ZesPYzoWyEY
20,https://www.youtube.com/watch?v=J_NEgl5nuis
21,https://www.youtube.com/watch?v=4QomwjBvvZE
22,https://www.youtube.com/watch?v=gXLUuI2Y8QQ
23,https://www.youtube.com/watch?v=Uvw-8o_T1n4
24,https://www.youtube.com/watch?v=_Rd5SGhtohM
25,https://www.youtube.com/watch?v=vxJbULYVgTA
26,https://www.youtube.com/watch?v=41NvhzYwUVo
27,https://www.youtube.com/watch?v=we-F0Gi0Lqs
28,https://www.youtube.com/watch?v=q75-Mpva20c
29,https://www.youtube.com/watch?v=4HYFhhNVvpo
30,https://www.youtube.com/watch?v=4O50J_MGxrs
31,https://www.youtube.com/watch?v=3AF9Rjki0DE
32,https://www.youtube.com/watch?v=qCrLtSd4cPw
33,https://www.youtube.com/watch?v=zJYScrSGkes
34,https://www.youtube.com/watch?v=xXRLFdRS6jY
35,https://www.youtube.com/watch?v=ZXF4hJNmrow
36,https://www.youtube.com/watch?v=YzanQpivd6k
37,https://www.youtube.com/watch?v=Izp4lZcJoSQ
38,https://www.youtube.com/watch?v=wpKNqVNiBaE
39,https://www.youtube.com/watch?v=cdSfbSwJoV4
40,https://www.youtube.com/watch?v=X76GgvmHxpE
41,https://www.youtube.com/watch?v=JJr_6-JbVCk
42,https://www.youtube.com/watch?v=dXRUHNib9lo
43,https://www.youtube.com/watch?v=fmfnESznb90
44,https://www.youtube.com/watch?v=V1bxGtrDoOo
45,https://www.youtube.com/watch?v=wGiras7wrYU
46,https://www.youtube.com/watch?v=oH4Tk-rILkc
47,https://www.youtube.com/watch?v=8V3NUObpYKs
48,https://www.youtube.com/watch?v=YBU05vng-8o
49,https://www.youtube.com/watch?v=-bq1EBp2ld4
50,https://www.youtube.com/watch?v=2FauJEJpuBw
51,https://www.youtube.com/watch?v=XhRxP6uwb1k
52,https://www.youtube.com/watch?v=RCqlrv4hPvU
53,https://www.youtube.com/watch?v=9vNN7ynt4IU
54,https://www.youtube.com/watch?v=eG0MlYdgwZc
55,https://www.youtube.com/watch?v=AvcokWuNvJ8
56,https://www.youtube.com/watch?v=32OcqvT1wrI
57,https://www.youtube.com/watch?v=rv4SWSeUrkc
58,https://www.youtube.com/watch?v=pUpuz7dcd4A
59,https://www.youtube.com/watch?v=KslmulKrouo
60,https://www.youtube.com/watch?v=UUq9Nl0Dwok
61,https://www.youtube.com/watch?v=SQ3vrjZsoVE
62,https://www.youtube.com/watch?v=YMDVYGi5kCU
63,https://www.youtube.com/watch?v=RoGYz4fR4VA
64,https://www.youtube.com/watch?v=xB-mSCeDqUE
65,https://www.youtube.com/watch?v=xj4MPzpr-4U
66,https://www.youtube.com/watch?v=TBsKCSteG78
67,https://www.youtube.com/watch?v=56YAOKzh1HM
68,https://www.youtube.com/watch?v=MD8cyqnQgt4
69,https://www.youtube.com/watch?v=1Zs-rwRu7XM
70,https://www.youtube.com/watch?v=JVy-5u17M08
71,https://www.youtube.com/watch?v=WsPCiUl2eps
72,https://www.youtube.com/watch?v=SJ63xiBkdFQ
73,https://www.youtube.com/watch?v=gMzsEh3jGPU
74,https://www.youtube.com/watch?v=KaHy3Rml7WM
75,https://www.youtube.com/watch?v=-9TxPdB3wIQ
76,https://www.youtube.com/watch?v=AjcW-YRlmuQ
77,https://www.youtube.com/watch?v=nrZ21nD9I-0
78,https://www.youtube.com/watch?v=r3qq6HIlHsQ
79,https://www.youtube.com/watch?v=-cP7T64Xhe4
80,https://www.youtube.com/watch?v=yjWe_s33HU8
81,https://www.youtube.com/watch?v=nPmDuPAFfEc
82,https://www.youtube.com/watch?v=Y8VV_Q2euc4
83,https://www.youtube.com/watch?v=zKKRsfrVBY4
84,https://www.youtube.com/watch?v=HrVAUEeiUBQ
85,https://www.youtube.com/watch?v=uXwsO8L3quo
86,https://www.youtube.com/watch?v=n9LMw_vJBng
87,https://www.youtube.com/watch?v=iqsGmeLlJbk
88,https://www.youtube.com/watch?v=XUBBWY5adRk
89,https://www.youtube.com/watch?v=5_vQfShG10E
90,https://www.youtube.com/watch?v=zgW8CZEnm7c
91,https://www.youtube.com/watch?v=93zBQuO_jPo
92,https://www.youtube.com/watch?v=zjfxOVU3opo
93,https://www.youtube.com/watch?v=6Gb5TQsi4Vo
94,https://www.youtube.com/watch?v=xoWx3-4-I_8
95,https://www.youtube.com/watch?v=QcGVZqbAlgA
96,https://www.youtube.com/watch?v=Qc_GHITvTmI
97,https://www.youtube.com/watch?v=Q7q_EdMYgJo
98,https://www.youtube.com/watch?v=JizYZ1wvvHg
99,https://www.youtube.com/watch?v=yI8u2bLIgHs
100,https://www.youtube.com/watch?v=YQ6ZQ_Rk15g
101,https://www.youtube.com/watch?v=PsUm4ay7cug
102,https://www.youtube.com/watch?v=6dLi8HYqpVk
103,https://www.youtube.com/watch?v=SXCiwNISPHI
104,https://www.youtube.com/watch?v=Spv8lqbCJKY
105,https://www.youtube.com/watch?v=tX9NYVkczl0
106,https://www.youtube.com/watch?v=7glczHNcJeA
107,https://www.youtube.com/watch?v=UXiUaxJA_3A
108,https://www.youtube.com/watch?v=v1Y9f2Z3A18
109,https://www.youtube.com/watch?v=v2WXxYpprrI
110,https://www.youtube.com/watch?v=eFfbWlLn6Mo
111,https://www.youtube.com/watch?v=bKQgQgJ9qtA
112,https://www.youtube.com/watch?v=AK3JW7hmrpU
113,https://www.youtube.com/watch?v=ziTzZhKpsbA
114,https://www.youtube.com/watch?v=1zZbZlXKWmo
115,https://www.youtube.com/watch?v=nxV1J9DOCkc
116,https://www.youtube.com/watch?v=NLBj2F0Tq5g
117,https://www.youtube.com/watch?v=a7Ykns0ad5Y
118,https://www.youtube.com/watch?v=b3K_X4qMbcI
119,https://www.youtube.com/watch?v=sJ9v3GJOK7Y
120,https://www.youtube.com/watch?v=zKGNKWqoyz8
121,https://www.youtube.com/watch?v=JJGa-oShP68
122,https://www.youtube.com/watch?v=LxVHSooHi1k
123,https://www.youtube.com/watch?v=tHiez7DXc-4
124,https://www.youtube.com/watch?v=MYqbPj8Gjfw
125,https://www.youtube.com/watch?v=Dx0g9fKAr1k
126,https://www.youtube.com/watch?v=NEOkEvKi2GY
127,https://www.youtube.com/watch?v=D8nxl9c2rbo
128,https://www.youtube.com/watch?v=-hRnwhhHLCI
129,https://www.youtube.com/watch?v=odgnJ9sP1-s
130,https://www.youtube.com/watch?v=3tVtzRRXt-M
131,https://www.youtube.com/watch?v=V3KdamTO0nI
132,https://www.youtube.com/watch?v=-mP1tJE8zog
133,https://www.youtube.com/watch?v=lWyYO3sUb3M
134,https://www.youtube.com/watch?v=_byjssuinCg
135,https://www.youtube.com/watch?v=xnYyxhMCkpY
136,https://www.youtube.com/watch?v=Oiucxu5pe8U
137,https://www.youtube.com/watch?v=rP1FLezyEI8
138,https://www.youtube.com/watch?v=0WRcYgZ9XU0
139,https://www.youtube.com/watch?v=749Q6c9YFKQ
140,https://www.youtube.com/watch?v=PIuhHkGQL2Q
141,https://www.youtube.com/watch?v=77N8tncLRH4
142,https://www.youtube.com/watch?v=XN07X6Vjk_I
143,https://www.youtube.com/watch?v=5oLrucczqq0
144,https://www.youtube.com/watch?v=MP3Wxmgn5x8
145,https://www.youtube.com/watch?v=Are-OqyXF2I
146,https://www.youtube.com/watch?v=CS1FkskgxT0
147,https://www.youtube.com/watch?v=OA2-6vDVHuI
148,https://www.youtube.com/watch?v=cBX01_A_Cpo
149,https://www.youtube.com/watch?v=1zZOr6edpkE
150,https://www.youtube.com/watch?v=ZBtvpWJFSFY
151,https://www.youtube.com/watch?v=DC8nrpMXvqs
152,https://www.youtube.com/watch?v=AbFKihxfD74
153,https://www.youtube.com/watch?v=5BhbK5_F9eo
154,https://www.youtube.com/watch?v=WkUDua8v-z4
155,https://www.youtube.com/watch?v=vUdCNUhQndE
156,https://www.youtube.com/watch?v=O8j3UiW1u6o
157,https://www.youtube.com/watch?v=Suds13z_S2A
158,https://www.youtube.com/watch?v=1LamN0fqFzU
159,https://www.youtube.com/watch?v=NeDA4uaF36I
160,https://www.youtube.com/watch?v=uTd_QDmit9Q
161,https://www.youtube.com/watch?v=J8LSDgJptAY
162,https://www.youtube.com/watch?v=THx5UhxRsDo
163,https://www.youtube.com/watch?v=nGTe9uAy-OA
164,https://www.youtube.com/watch?v=K_qoQn55vc4
165,https://www.youtube.com/watch?v=pyM35WjsrUY
166,https://www.youtube.com/watch?v=h68r1CP11UQ
167,https://www.youtube.com/watch?v=0o98FchJExs
168,https://www.youtube.com/watch?v=4xy5_CM-g6E
169,https://www.youtube.com/watch?v=N6xyP1m5oZg
170,https://www.youtube.com/watch?v=4f8MaI-hIyo
171,https://www.youtube.com/watch?v=M9QYXG6V_1I
172,https://www.youtube.com/watch?v=GmJa52-Lv1I
173,https://www.youtube.com/watch?v=I9fxTj-cGI8
174,https://www.youtube.com/watch?v=u4_D-5Q5Ntg
175,https://www.youtube.com/watch?v=Y4nxV6a4150
176,https://www.youtube.com/watch?v=UXnsduI8ph0
177,https://www.youtube.com/watch?v=TsBgoR0ELcg
178,https://www.youtube.com/watch?v=9Q40hOqYZmQ
179,https://www.youtube.com/watch?v=xW79at1AbUs
180,https://www.youtube.com/watch?v=6ct9KqCGKns
181,https://www.youtube.com/watch?v=1i7frBMqrEM
182,https://www.youtube.com/watch?v=K1NWDX5zmX4
183,https://www.youtube.com/watch?v=_hbgnCvJtXA
184,https://www.youtube.com/watch?v=ZggKnkpLgl4
185,https://www.youtube.com/watch?v=OCJq4zrMhv8
186,https://www.youtube.com/watch?v=_rVSbhaqo6Y
187,https://www.youtube.com/watch?v=v4fVzFR6amU
188,https://www.youtube.com/watch?v=DVIGFjg5cJc
189,https://www.youtube.com/watch?v=KZzQBkkJ1J0
190,https://www.youtube.com/watch?v=Q8CxESzYppk
191,https://www.youtube.com/watch?v=VB9Vs1V1I4w
192,https://www.youtube.com/watch?v=7CiVIoMjBAM
193,https://www.youtube.com/watch?v=-Pe1ScuWGOU
194,https://www.youtube.com/watch?v=5PMj7jUPC0I
195,https://www.youtube.com/watch?v=16qRoR_85Qk
196,https://www.youtube.com/watch?v=BnwXMgDsCHI
197,https://www.youtube.com/watch?v=-GXMfTFKNBQ
198,https://www.youtube.com/watch?v=r1BYG5XAhhg
199,https://www.youtube.com/watch?v=AhHuKRk6JYE
200,https://www.youtube.com/watch?v=L7hsIHSJowg
201,https://www.youtube.com/watch?v=OE0DeMjStEY
202,https://www.youtube.com/watch?v=NDGEQJUZQGI
203,https://www.youtube.com/watch?v=I06rmoSCspQ
204,https://www.youtube.com/watch?v=JukrSpNC6oQ
205,https://www.youtube.com/watch?v=r6IHTU9L1-w
206,https://www.youtube.com/watch?v=DKhNRZ-JQMA
207,https://www.youtube.com/watch?v=nB3le-kBkok
208,https://www.youtube.com/watch?v=3fRjzIBs-p0
209,https://www.youtube.com/watch?v=tt6dZr5TbV4
210,https://www.youtube.com/watch?v=CWfay9OKZ9w
211,https://www.youtube.com/watch?v=VCU1yI38Pxk
212,https://www.youtube.com/watch?v=CoAkdaWIwUE
213,https://www.youtube.com/watch?v=ovkAAMg-ng8
214,https://www.youtube.com/watch?v=nDnhVkan-iY
215,https://www.youtube.com/watch?v=kuRCN1EIXqY
216,https://www.youtube.com/watch?v=P4gIqQ4TZlc
217,https://www.youtube.com/watch?v=UH8eMm5sW_o
218,https://www.youtube.com/watch?v=NzUbeMCIzlg
219,https://www.youtube.com/watch?v=Z1z0-S4EnQQ
220,https://www.youtube.com/watch?v=ynPQgWsDtvU
221,https://www.youtube.com/watch?v=eKND0zyblDg
222,https://www.youtube.com/watch?v=TgBbMYCkCkU
223,https://www.youtube.com/watch?v=qfNFMllLRBQ
224,https://www.youtube.com/watch?v=jpgLMGLqK4E
225,https://www.youtube.com/watch?v=HuNNS_cPdq0
226,https://www.youtube.com/watch?v=jjbTpKE4mr8
227,https://www.youtube.com/watch?v=WB0AI1oZTXo
228,https://www.youtube.com/watch?v=vjTJk3QSFao
229,https://www.youtube.com/watch?v=oiBdIU0T7b8
230,https://www.youtube.com/watch?v=JvwHaIH7d-I
231,https://www.youtube.com/watch?v=KmkuJR2-TP0
232,https://www.youtube.com/watch?v=8vTR21V_2_M
233,https://www.youtube.com/watch?v=h9lhXXto3mw
234,https://www.youtube.com/watch?v=vhVnIB0CKek
235,https://www.youtube.com/watch?v=bCQ9h783I88
236,https://www.youtube.com/watch?v=qU0RIdXU10k
237,https://www.youtube.com/watch?v=a5UPO-3Jq_Y
238,https://www.youtube.com/watch?v=s7lmz4UL4wE
239,https://www.youtube.com/watch?v=TFmpFI-kYak
240,https://www.youtube.com/watch?v=xV8IALmSWh8
241,https://www.youtube.com/watch?v=p8UAZcwi1po
242,https://www.youtube.com/watch?v=-VAYz2iiKFs
243,https://www.youtube.com/watch?v=qND9YD8HeH8
244,https://www.youtube.com/watch?v=J9kTcQC7LKY
245,https://www.youtube.com/watch?v=tgww3l8nPFU
246,https://www.youtube.com/watch?v=5PJIk8YRKLI
247,https://www.youtube.com/watch?v=5GRp_QSmmtI
248,https://www.youtube.com/watch?v=q2aDXPNVEMQ
249,https://www.youtube.com/watch?v=zcwMNpzPr6w
250,https://www.youtube.com/watch?v=9f0aKKEpffM
251,https://www.youtube.com/watch?v=X8KXDxZdJGc
252,https://www.youtube.com/watch?v=o2qfCnQK2q0
253,https://www.youtube.com/watch?v=JNsfV-7_tmk
254,https://www.youtube.com/watch?v=RISytv6fPd8
255,https://www.youtube.com/watch?v=1cinstzMhtM
256,https://www.youtube.com/watch?v=mHUloTX3qKc
257,https://www.youtube.com/watch?v=V2qwwAvlsYU
258,https://www.youtube.com/watch?v=CFNF_6u7cqk
259,https://www.youtube.com/watch?v=azCSIBgAgvY
260,https://www.youtube.com/watch?v=7W-S2fLUDew
261,https://www.youtube.com/watch?v=57PmaT8hBxM
262,https://www.youtube.com/watch?v=vNMltPKqaZA
263,https://www.youtube.com/watch?v=I85yXsmuNLA
264,https://www.youtube.com/watch?v=WodH7Az8_2E
265,https://www.youtube.com/watch?v=eUlHZPQuYwk
266,https://www.youtube.com/watch?v=W0TAxJA6fAc
267,https://www.youtube.com/watch?v=b9g0P65Y9_M
268,https://www.youtube.com/watch?v=_JN2iimuIxk
269,https://www.youtube.com/watch?v=JERIqRIFSo0
270,https://www.youtube.com/watch?v=pYMmeWf86oQ
271,https://www.youtube.com/watch?v=D6V26ZsLi1s
272,https://www.youtube.com/watch?v=km0AzPVmFYo
273,https://www.youtube.com/watch?v=exLIxBBku5o
274,https://www.youtube.com/watch?v=P_iKQu0ViNk
275,https://www.youtube.com/watch?v=d-J-QKS3cac
276,https://www.youtube.com/watch?v=EYfRFbn06SA
277,https://www.youtube.com/watch?v=XpcJekkl9gY
278,https://www.youtube.com/watch?v=LS48uL9YH68
279,https://www.youtube.com/watch?v=jQlWUC_qlec
280,https://www.youtube.com/watch?v=ajBsSmCJ-7Q
281,https://www.youtube.com/watch?v=-xK-ddAsOnw
282,https://www.youtube.com/watch?v=H7YomzQNiE8
283,https://www.youtube.com/watch?v=5lSG-qY_eDA
284,https://www.youtube.com/watch?v=FVDAzHnNpf0
285,https://www.youtube.com/watch?v=eqkkFFVcq8Y
286,https://www.youtube.com/watch?v=TaWqvh6KmuI
287,https://www.youtube.com/watch?v=sUVLs5k0Jys
288,https://www.youtube.com/watch?v=TIKMtW2ydyc
289,https://www.youtube.com/watch?v=ESp2MVoSBE8
290,https://www.youtube.com/watch?v=GFLaX8-1mKo
291,https://www.youtube.com/watch?v=e3zclECnYpY
292,https://www.youtube.com/watch?v=AoXZTwHkSPo
293,https://www.youtube.com/watch?v=kbpm61gTJbY
294,https://www.youtube.com/watch?v=kkQ9m-DRUPk
295,https://www.youtube.com/watch?v=DzvRgJL-6Xo
296,https://www.youtube.com/watch?v=2f2VWvR7HaY
297,https://www.youtube.com/watch?v=X5JiqCLh6ps
298,https://www.youtube.com/watch?v=ewbDTN2yTRw
299,https://www.youtube.com/watch?v=oQsp17EPO1w
300,https://www.youtube.com/watch?v=7sciEJkBjuE
301,https://www.youtube.com/watch?v=gu6me0mnXpE
302,https://www.youtube.com/watch?v=D4PfsZwRCyc
303,https://www.youtube.com/watch?v=iTr9WXxLrLo
304,https://www.youtube.com/watch?v=F2YQxgb-VV8
305,https://www.youtube.com/watch?v=7PpEuG7YfeE
306,https://www.youtube.com/watch?v=_sZ2hnifAKs
307,https://www.youtube.com/watch?v=hP4Ay3BiPe0
308,https://www.youtube.com/watch?v=a7L0Id0ZZac
309,https://www.youtube.com/watch?v=HGL0H5RzFAE
310,https://www.youtube.com/watch?v=3C8SETX2Q08
311,https://www.youtube.com/watch?v=LQFIMdg2wog
312,https://www.youtube.com/watch?v=Frecg09FsF8
313,https://www.youtube.com/watch?v=KhUekoOWd1E
314,https://www.youtube.com/watch?v=mfehGIoJd2Q
315,https://www.youtube.com/watch?v=XbKx2RlaEpA
316,https://www.youtube.com/watch?v=YgKdSMN6yOE
317,https://www.youtube.com/watch?v=fyKccNfo8Bk
318,https://www.youtube.com/watch?v=HLUltmoOqa8
319,https://www.youtube.com/watch?v=pJt5dvzoDIM
320,https://www.youtube.com/watch?v=jm1NYPDaX1o
321,https://www.youtube.com/watch?v=BFzd5xHhfh0
322,https://www.youtube.com/watch?v=pgUrU4tiHk0
323,https://www.youtube.com/watch?v=VcfonnFNV1U
324,https://www.youtube.com/watch?v=xP7ipQPSNH8
325,https://www.youtube.com/watch?v=nfhTcm4wa8E
326,https://www.youtube.com/watch?v=hjTSyhMH294
327,https://www.youtube.com/watch?v=m_UjYOfmkn8
328,https://www.youtube.com/watch?v=JAcRAzjCAOA
329,https://www.youtube.com/watch?v=3z5iRF65ErM
330,https://www.youtube.com/watch?v=tiX-73tRXSg
331,https://www.youtube.com/watch?v=vIFgoJ1FPqE
332,https://www.youtube.com/watch?v=DniaEa-El0c
333,https://www.youtube.com/watch?v=JGOkCr7_BKk
334,https://www.youtube.com/watch?v=MlC-6rSDHiY
335,https://www.youtube.com/watch?v=qTEpJbp2450
336,https://www.youtube.com/watch?v=7h3141AEqMM
337,https://www.youtube.com/watch?v=B4OuARpdCew
338,https://www.youtube.com/watch?v=9Auq9mYxFEE
339,https://www.youtube.com/watch?v=DLJANZ6bYxI
340,https://www.youtube.com/watch?v=-4tuXaT0Cuw
341,https://www.youtube.com/watch?v=YcF7nL-Io4A
342,https://www.youtube.com/watch?v=lqtc2xvgqAk
343,https://www.youtube.com/watch?v=4OjUkYRyxxE
344,https://www.youtube.com/watch?v=mguMdW9H3N8
345,https://www.youtube.com/watch?v=xKsozj6kmB4
346,https://www.youtube.com/watch?v=Ni8DDwFG5Do
347,https://www.youtube.com/watch?v=pLVZ_R8XmCY
348,https://www.youtube.com/watch?v=h4kIPMhoKng
349,https://www.youtube.com/watch?v=IhR-CzBLSfY
350,https://www.youtube.com/watch?v=FDTeu_KE0vI
351,https://www.youtube.com/watch?v=JU2swqyMga0
352,https://www.youtube.com/watch?v=bvdhE3Yg2-s
353,https://www.youtube.com/watch?v=SpSaFGbXJEk
354,https://www.youtube.com/watch?v=BhjSGCAyWEk
355,https://www.youtube.com/watch?v=MiqA-MqAGtY
356,https://www.youtube.com/watch?v=O-DN3pnjoPk
357,https://www.youtube.com/watch?v=Myla7VnEQ8o
358,https://www.youtube.com/watch?v=FKALBIi_zeQ
359,https://www.youtube.com/watch?v=Qn8XFFOHkZU
360,https://www.youtube.com/watch?v=E69R_ZvR4qA
361,https://www.youtube.com/watch?v=VMTUX8nSh-M
362,https://www.youtube.com/watch?v=Heh7dAi1p5Y
363,https://www.youtube.com/watch?v=tNCP0T8X0Fc
364,https://www.youtube.com/watch?v=XtdE1hEE2Qk
365,https://www.youtube.com/watch?v=kJQm_wAuvEA
366,https://www.youtube.com/watch?v=onT8Mqu7kfI
367,https://www.youtube.com/watch?v=YjuCM7tHs5Q
368,https://www.youtube.com/watch?v=Kt7PoxxkVws
369,https://www.youtube.com/watch?v=r7clvHaCmlE
370,https://www.youtube.com/watch?v=c5u8w1isPiE
371,https://www.youtube.com/watch?v=cHAKUmlWfOo
372,https://www.youtube.com/watch?v=X-BJaGMObzQ
373,https://www.youtube.com/watch?v=AmiaRo-5gPI
374,https://www.youtube.com/watch?v=jdJvfjrJQB0
375,https://www.youtube.com/watch?v=0ciLe-TE6y4
376,https://www.youtube.com/watch?v=_REVUNHGBpc
377,https://www.youtube.com/watch?v=9aWfCwoZkYw
378,https://www.youtube.com/watch?v=WejQw0q_eqg
379,https://www.youtube.com/watch?v=dYVg5v9Otxc
380,https://www.youtube.com/watch?v=Gi5okRjnbrM
381,https://www.youtube.com/watch?v=YXXmVf8bAbA
382,https://www.youtube.com/watch?v=Ywu614H7tu0
383,https://www.youtube.com/watch?v=s_XZj5kui_E
384,https://www.youtube.com/watch?v=IyO2cNcBYxo
385,https://www.youtube.com/watch?v=N-q4X_NT-fw
386,https://www.youtube.com/watch?v=Pm7Z3oX7yts
387,https://www.youtube.com/watch?v=PY_r8rQTTO8
388,https://www.youtube.com/watch?v=EgKCFe9H16U
389,https://www.youtube.com/watch?v=vWEnY_0QNms
390,https://www.youtube.com/watch?v=HB6gie52aBE
391,https://www.youtube.com/watch?v=hwAUM0MP_xA
392,https://www.youtube.com/watch?v=e0MdifH30FE
393,https://www.youtube.com/watch?v=XuFeGG0YFqg
394,https://www.youtube.com/watch?v=2xIbwcTUVLc
395,https://www.youtube.com/watch?v=1ZE5gczjNHQ
396,
397,https://www.youtube.com/watch?v=ySWB4xqH5Y8
398,https://www.youtube.com/watch?v=oZT-9DZo978
399,https://www.youtube.com/watch?v=jIygrIcmckg
400,https://www.youtube.com/watch?v=P1ZesMC61C0
401,https://www.youtube.com/watch?v=5n_DeHMVAkM
402,https://www.youtube.com/watch?v=bU8qQfppa6s
403,https://www.youtube.com/watch?v=CUCv7JGyaKQ
404,https://www.youtube.com/watch?v=8Uo8q1_Dvv4
405,https://www.youtube.com/watch?v=TgMF7-Yo3Hs
406,https://www.youtube.com/watch?v=q3ScN28VV6U
407,https://www.youtube.com/watch?v=fTfhugkTzuQ
408,https://www.youtube.com/watch?v=sWHBuT5FTYE
409,https://www.youtube.com/watch?v=GDclMXpjvj8
410,https://www.youtube.com/watch?v=eFjOJmp8Nkk
411,https://www.youtube.com/watch?v=eXjHDAX4I9w
412,https://www.youtube.com/watch?v=K2fDUjSlkvg
413,https://www.youtube.com/watch?v=DWPMC0i5FuI
414,https://www.youtube.com/watch?v=o8WtoAPGQ4c
415,https://www.youtube.com/watch?v=fHs0JQtOGIA
416,https://www.youtube.com/watch?v=qOsb-QjfiA8
417,https://www.youtube.com/watch?v=Kv55SRcdNO8
418,https://www.youtube.com/watch?v=2-loN4Q0HZc
419,https://www.youtube.com/watch?v=LxEBuj4KP6Q
420,https://www.youtube.com/watch?v=EfvoWuDpQWg
421,https://www.youtube.com/watch?v=YhUbg1AHkFE
422,https://www.youtube.com/watch?v=6HU5X1-_XBU
423,https://www.youtube.com/watch?v=bQxNcMskx7E
424,https://www.youtube.com/watch?v=HmEYsJJYGcs
425,https://www.youtube.com/watch?v=sRozpth9DTU
426,https://www.youtube.com/watch?v=h5u0-AAKKMg
427,https://www.youtube.com/watch?v=Qai70wkc99U
428,https://www.youtube.com/watch?v=FuDueYRuyU0
429,https://www.youtube.com/watch?v=TyTvR7Z3bjg
430,https://www.youtube.com/watch?v=ZKi68JBqJkg
431,https://www.youtube.com/watch?v=f0-dYD9cYKo
432,https://www.youtube.com/watch?v=ZjVxgBH7zaw
433,https://www.youtube.com/watch?v=lfaGsIMjQGA
434,https://www.youtube.com/watch?v=u_vauz3u6RQ
435,https://www.youtube.com/watch?v=MeaMurZjJ5w
436,https://www.youtube.com/watch?v=duzXObslIXE
437,https://www.youtube.com/watch?v=CBtQ0uryAX4
438,https://www.youtube.com/watch?v=ajETDh2lkkY
439,https://www.youtube.com/watch?v=nV2_-x5B7DA
440,https://www.youtube.com/watch?v=YmVDT3fKMCw
441,https://www.youtube.com/watch?v=5ym9fO1K9_s
442,https://www.youtube.com/watch?v=rnSkfCqLxq4
443,https://www.youtube.com/watch?v=z4Cc65hAvRY
444,https://www.youtube.com/watch?v=-c8LoR84Xjs
445,https://www.youtube.com/watch?v=Ryd4CaKj8xk
446,https://www.youtube.com/watch?v=8PC6Xz2NnZ4
447,https://www.youtube.com/watch?v=S3F5JaPm9AE
448,https://www.youtube.com/watch?v=5QbHBY1WR6A
449,https://www.youtube.com/watch?v=0eZsfZMAQgo
450,https://www.youtube.com/watch?v=hhISvY19xuM
451,https://www.youtube.com/watch?v=EHnP-ULuM_Y
452,https://www.youtube.com/watch?v=PIaqgrFGSS8
453,https://www.youtube.com/watch?v=VyKI3x23U6s
454,https://www.youtube.com/watch?v=ecKGUAIAFvo
455,https://www.youtube.com/watch?v=tdpQGhvaIBk
456,https://www.youtube.com/watch?v=spxiH8tkz9Y
457,https://www.youtube.com/watch?v=VIUgTgOFMiA
458,https://www.youtube.com/watch?v=hXQnGaKtUb0
459,https://www.youtube.com/watch?v=MOlK025-n4k
460,https://www.youtube.com/watch?v=V5VJKgcL6P8
461,https://www.youtube.com/watch?v=OQdC9CrU3lU
462,https://www.youtube.com/watch?v=sZuaA5RiszY
463,https://www.youtube.com/watch?v=AUqMsHclJ1Y
464,https://www.youtube.com/watch?v=ZoRzcdBcmk8
465,https://www.youtube.com/watch?v=IU1i2IlkLbU
466,https://www.youtube.com/watch?v=2zwTu-Zj6BQ
467,https://www.youtube.com/watch?v=YpctYEZxuRg
468,https://www.youtube.com/watch?v=nPHyDcg8Mxk
469,https://www.youtube.com/watch?v=LxDq91MTrwA
470,https://www.youtube.com/watch?v=k5sDE-f8iVY
471,https://www.youtube.com/watch?v=WJwP6C5q6Qg
472,https://www.youtube.com/watch?v=XZfti9lgL5w
473,https://www.youtube.com/watch?v=IkfIuXA5JFc
474,https://www.youtube.com/watch?v=jtjUuOjzJTA
475,https://www.youtube.com/watch?v=f1a3azw4AhI
476,https://www.youtube.com/watch?v=P5ojIVQg31E
477,https://www.youtube.com/watch?v=5HlkKyaHEnY
478,https://www.youtube.com/watch?v=6OX3jlQ6SIY
479,https://www.youtube.com/watch?v=jBpAoeIotkw
480,https://www.youtube.com/watch?v=en6z2xpRl74
481,https://www.youtube.com/watch?v=KQXKa_RZnwg
482,https://www.youtube.com/watch?v=IAwlK37LFVk
483,https://www.youtube.com/watch?v=6KO56D1Bvnk
484,https://www.youtube.com/watch?v=lxFHv1UqVUU
485,https://www.youtube.com/watch?v=PE1af-unvj0
486,https://www.youtube.com/watch?v=gNq7kJ6k-LU
487,https://www.youtube.com/watch?v=S06tg9h-KkI
488,https://www.youtube.com/watch?v=DC0KjTzGnDA
489,https://www.youtube.com/watch?v=CECJMVXzEds
490,https://www.youtube.com/watch?v=W0qzSRx7TRM
491,https://www.youtube.com/watch?v=fmXSEjx1nvM
492,https://www.youtube.com/watch?v=r6lRhCNLiGc
493,https://www.youtube.com/watch?v=mTsS6FURCVI
494,https://www.youtube.com/watch?v=dtw-iE-V5Xw
495,https://www.youtube.com/watch?v=ymiBv80nzv0
496,https://www.youtube.com/watch?v=zteKpPGOOIo
497,https://www.youtube.com/watch?v=4BS0iAYdCIg
498,https://www.youtube.com/watch?v=R8lrz2yL1xY
499,https://www.youtube.com/watch?v=jLk-l39yRnQ
500,https://www.youtube.com/watch?v=cnR-S7Bycyw
501,https://www.youtube.com/watch?v=op6PQQBADio
502,https://www.youtube.com/watch?v=tn3yqmiwKAk
503,https://www.youtube.com/watch?v=nvrxDfK7PdI
504,https://www.youtube.com/watch?v=-bFI6HtZSU0
505,https://www.youtube.com/watch?v=o6t1ouGdnDI
506,https://www.youtube.com/watch?v=8wjo7w3qHfA
507,https://www.youtube.com/watch?v=135kuQC3lyg
508,https://www.youtube.com/watch?v=aaOBe0N4MuQ
509,https://www.youtube.com/watch?v=U9ZfVAGi7J0
510,https://www.youtube.com/watch?v=urbdeIzvafw
511,https://www.youtube.com/watch?v=_sPmvr9neLQ
512,https://www.youtube.com/watch?v=goSZqQ_vFi0
513,https://www.youtube.com/watch?v=AzZeEH2D61I
514,https://www.youtube.com/watch?v=p9Pl0MGu2YQ
515,https://www.youtube.com/watch?v=FkpCpuPKK2o
516,https://www.youtube.com/watch?v=6y6cRc7sBbw
517,https://www.youtube.com/watch?v=PumIJwvagyY
518,https://www.youtube.com/watch?v=o0jcbtLBMdE
519,https://www.youtube.com/watch?v=ccl3BklzNpc
520,https://www.youtube.com/watch?v=NghT3JT4K38
521,https://www.youtube.com/watch?v=NiQfbhtTe8o
522,https://www.youtube.com/watch?v=Z08iKWAigx8
523,https://www.youtube.com/watch?v=lEDzl1dFGzk
524,https://www.youtube.com/watch?v=GMYfAiOhI60
525,https://www.youtube.com/watch?v=tl8UvKWshzE
526,https://www.youtube.com/watch?v=I59_0E6wooQ
527,https://www.youtube.com/watch?v=6fMFuysR2x4
528,https://www.youtube.com/watch?v=eWhNv4cgCUc
529,https://www.youtube.com/watch?v=lthLW7Ik6Ck
530,https://www.youtube.com/watch?v=oUyrv7vEmIU
531,https://www.youtube.com/watch?v=1fgsnCcLu_o
532,https://www.youtube.com/watch?v=JaieLHIK_uE
533,https://www.youtube.com/watch?v=7ckg0sbr-4k
534,https://www.youtube.com/watch?v=teVcbYDWh60
535,https://www.youtube.com/watch?v=QtMyX-egh-8
536,https://www.youtube.com/watch?v=aZisNFLs9kI
537,https://www.youtube.com/watch?v=OKNhikXNKk4
538,https://www.youtube.com/watch?v=y2wFAWkltEQ
539,https://www.youtube.com/watch?v=X7vyaZic1i4
540,https://www.youtube.com/watch?v=mHZpAeaEjKE
541,https://www.youtube.com/watch?v=etWFIZ_L2fA
542,https://www.youtube.com/watch?v=P5c7J9TUb1k
543,https://www.youtube.com/watch?v=Az-Fm3IEizc
544,https://www.youtube.com/watch?v=AnW7ofSKXDc
545,https://www.youtube.com/watch?v=B6hYScw0Rq4
546,https://www.youtube.com/watch?v=h4BvDB52gY4
547,https://www.youtube.com/watch?v=opILNiu5Q4I
548,https://www.youtube.com/watch?v=MaMig9gfNGE
549,https://www.youtube.com/watch?v=0FOGY54EObA
550,https://www.youtube.com/watch?v=tF6tZi7gJ9M
551,https://www.youtube.com/watch?v=dTlAWN20CAc
552,https://www.youtube.com/watch?v=7ENa5yf9-8U
553,https://www.youtube.com/watch?v=_cHspmTu1gc
554,https://www.youtube.com/watch?v=Tvt6E9N7AQw
555,https://www.youtube.com/watch?v=TFqv8Azlsjc
556,https://www.youtube.com/watch?v=PGdID_ICFII
557,https://www.youtube.com/watch?v=xiAJdLJJZ6c
558,https://www.youtube.com/watch?v=--oT-_l6jj8
559,https://www.youtube.com/watch?v=PUsABfH460c
560,https://www.youtube.com/watch?v=0ZZycx-kVhU
561,https://www.youtube.com/watch?v=QWN0QDN1FDo
562,https://www.youtube.com/watch?v=XdkEweu3LPs
563,https://www.youtube.com/watch?v=0GQ49h5ggUk
564,https://www.youtube.com/watch?v=cPXVxmaXnEY
565,https://www.youtube.com/watch?v=1h1zPRL3OHA
566,https://www.youtube.com/watch?v=RHPat9DsmrA
567,https://www.youtube.com/watch?v=G0T4KTq77EE
568,https://www.youtube.com/watch?v=6Hq14VEwgWo
569,https://www.youtube.com/watch?v=3LokB1cftX0
570,https://www.youtube.com/watch?v=Ygclu9EZ4_Q
571,https://www.youtube.com/watch?v=6ICfuBTzJjU
572,https://www.youtube.com/watch?v=mw_raksSi9Q
573,https://www.youtube.com/watch?v=auF9K2pXuns
574,https://www.youtube.com/watch?v=doBE4sM-Xys
575,https://www.youtube.com/watch?v=PwrIMcyXxwI
576,https://www.youtube.com/watch?v=Ieop3IVuVU4
577,https://www.youtube.com/watch?v=2tqFFCZQfiI
578,https://www.youtube.com/watch?v=DbT9iQMeVlc
579,https://www.youtube.com/watch?v=__dW03QM20k
580,https://www.youtube.com/watch?v=mF6Q8S8wCl8
581,https://www.youtube.com/watch?v=NBVxCbUh1Ys
582,https://www.youtube.com/watch?v=TXzcPMiKoqg
583,https://www.youtube.com/watch?v=5HKfUWLGElk
584,https://www.youtube.com/watch?v=2ETOmEIXY9k
585,https://www.youtube.com/watch?v=GAqH7obQjFQ
586,https://www.youtube.com/watch?v=k8KJS9HSm5w
587,https://www.youtube.com/watch?v=WzmOTMD0jA0
588,https://www.youtube.com/watch?v=SI-oC_w-Lp0
589,https://www.youtube.com/watch?v=TmroQaHbvcM
590,https://www.youtube.com/watch?v=zPpj87d6iDM
591,https://www.youtube.com/watch?v=-gsxsndQ5JU
592,https://www.youtube.com/watch?v=MsMlM-xyf5k
593,https://www.youtube.com/watch?v=ZiHjPT8Iib8
594,https://www.youtube.com/watch?v=H5MNEqY5vwE
595,https://www.youtube.com/watch?v=4181HKN8eoI
596,https://www.youtube.com/watch?v=K5PBs9vIC4c
597,https://www.youtube.com/watch?v=DS2sUxbBomg
598,https://www.youtube.com/watch?v=azZVdh5C6jU
599,https://www.youtube.com/watch?v=u_Ibl8liHQg
600,https://www.youtube.com/watch?v=KEVVO-QRFBs
601,https://www.youtube.com/watch?v=gpbu64OzBZU
602,https://www.youtube.com/watch?v=NgDrOk-rVeY
603,https://www.youtube.com/watch?v=OMmgw9bL00M
604,https://www.youtube.com/watch?v=sdU0B6jaGC0
605,https://www.youtube.com/watch?v=uKDpKR7vpiE
606,https://www.youtube.com/watch?v=x2fH52bf_60
607,https://www.youtube.com/watch?v=MOM-hOaGx0o
608,https://www.youtube.com/watch?v=vdqOoNhGjn4
609,https://www.youtube.com/watch?v=fqUo6rxJ5mY
610,https://www.youtube.com/watch?v=0N4-jUrzRpI
611,https://www.youtube.com/watch?v=M_PK-YY5Cp4
612,https://www.youtube.com/watch?v=UjqJwa4djK4
613,https://www.youtube.com/watch?v=Q1wFOrtbXEc
614,https://www.youtube.com/watch?v=UBuQDsEoeNc
615,https://www.youtube.com/watch?v=mMh7LS6QGTw
616,https://www.youtube.com/watch?v=kM6OSEkj_z8
617,https://www.youtube.com/watch?v=sFDzbrCAFBQ
618,https://www.youtube.com/watch?v=r0itIW_6HgQ
619,https://www.youtube.com/watch?v=opC7JQ8ZSzU
620,https://www.youtube.com/watch?v=Gb87fPO_WLo
621,https://www.youtube.com/watch?v=hUX1dztiR1E
622,https://www.youtube.com/watch?v=zeeu4NU3_9s
623,https://www.youtube.com/watch?v=2DK1bTjZCOI
624,https://www.youtube.com/watch?v=3vZM3ZS9KsA
625,https://www.youtube.com/watch?v=Jf6SOALB6dk
626,https://www.youtube.com/watch?v=4RfanfeP0Yc
627,https://www.youtube.com/watch?v=KsIE6Q7hXe8
628,https://www.youtube.com/watch?v=jA5sQRUIjf0
629,https://www.youtube.com/watch?v=UrnmBLB-UX4
630,https://www.youtube.com/watch?v=CiK5ygQGW4I
631,https://www.youtube.com/watch?v=SaOl3C8BnAk
632,https://www.youtube.com/watch?v=KwViAHwo-SQ
633,https://www.youtube.com/watch?v=GyfVyUzASIk
634,https://www.youtube.com/watch?v=xXBWQF7zBqY
635,https://www.youtube.com/watch?v=ogOzphJX2II
636,https://www.youtube.com/watch?v=Hk2lmDbZnWc
637,https://www.youtube.com/watch?v=beiNKJql8NE
638,https://www.youtube.com/watch?v=skzpbjcxnow
639,https://www.youtube.com/watch?v=hjyzyWtcdqU
640,https://www.youtube.com/watch?v=LuKzaro74jY
641,https://www.youtube.com/watch?v=wZy8Y-ZSCL8
642,https://www.youtube.com/watch?v=KvUnchlgkXY
643,https://www.youtube.com/watch?v=osG8JS2jCso
644,https://www.youtube.com/watch?v=UU8AIwo2Hto
645,https://www.youtube.com/watch?v=zImtmDxFm4g
646,https://www.youtube.com/watch?v=6n1mTIc-l0o
647,https://www.youtube.com/watch?v=i1l2vJFinrc
648,https://www.youtube.com/watch?v=kjXyh7Mqzm0
649,https://www.youtube.com/watch?v=MJ7ZevqQN3c
650,https://www.youtube.com/watch?v=q7fbbdGzBfI
651,https://www.youtube.com/watch?v=NWNsAnJEdLs
652,https://www.youtube.com/watch?v=DodAuQi9YUg
653,https://www.youtube.com/watch?v=6K0HBzIZA_Q
654,https://www.youtube.com/watch?v=0Ti6D_3592E
655,https://www.youtube.com/watch?v=l0P8DV84rWQ
656,https://www.youtube.com/watch?v=e68N3XXnRKU
657,https://www.youtube.com/watch?v=4y9W32TUFws
658,https://www.youtube.com/watch?v=uFuwxCxchMU
659,https://www.youtube.com/watch?v=dSuf01tnGDY
660,https://www.youtube.com/watch?v=qm8zjGPLeDQ
661,https://www.youtube.com/watch?v=WQcki2NKNLs
662,https://www.youtube.com/watch?v=XW46KUREyVg
663,https://www.youtube.com/watch?v=ELfULEAGhAY
664,https://www.youtube.com/watch?v=F-zUISZZxLw
665,https://www.youtube.com/watch?v=yUo9RhlrmFg
666,https://www.youtube.com/watch?v=I99AeyiwZFo
667,https://www.youtube.com/watch?v=VNIxCH59ByM
668,https://www.youtube.com/watch?v=rypMbcHSYlE
669,https://www.youtube.com/watch?v=3nOWfjIucaE
670,https://www.youtube.com/watch?v=PxplH491Wjw
671,https://www.youtube.com/watch?v=GZ6hGAkvuM4
672,https://www.youtube.com/watch?v=X8iLsZ2d4Gc
673,https://www.youtube.com/watch?v=0-FayVKqkis
674,https://www.youtube.com/watch?v=QdCBqD9OuV0
675,https://www.youtube.com/watch?v=rLkY6TYCAvA
676,https://www.youtube.com/watch?v=hbltPBAV5FI
677,https://www.youtube.com/watch?v=SN2QIv6x_Hk
678,https://www.youtube.com/watch?v=rWJAFqL8m70
679,https://www.youtube.com/watch?v=4i4npEh2Ajw
680,https://www.youtube.com/watch?v=ae50GE4R2kk
681,https://www.youtube.com/watch?v=tH8xovoymyM
682,https://www.youtube.com/watch?v=1O4hKoOL9zo
683,https://www.youtube.com/watch?v=p5POAFLE2AQ
684,https://www.youtube.com/watch?v=CflcRbZlEyI
685,https://www.youtube.com/watch?v=t1oaWtklc5Q
686,https://www.youtube.com/watch?v=dbU37lo5fV4
687,https://www.youtube.com/watch?v=eobueoR_VAc
688,https://www.youtube.com/watch?v=Y60Nna9q5MU
689,https://www.youtube.com/watch?v=PEx_PU-xERA
690,https://www.youtube.com/watch?v=yXRkpZXCPbs
691,https://www.youtube.com/watch?v=52-NJKAVu3o
692,https://www.youtube.com/watch?v=Zutk45BgLd0
693,https://www.youtube.com/watch?v=_NCx5kSfUAw
694,https://www.youtube.com/watch?v=i5kohBA2jTQ
695,https://www.youtube.com/watch?v=V0hpX0T5SBs
696,https://www.youtube.com/watch?v=sy8tq_GlhMU
697,https://www.youtube.com/watch?v=aQoQesR6Rzc
698,https://www.youtube.com/watch?v=qi7mnfIhg7U
699,https://www.youtube.com/watch?v=8XW4CuBSzSc
700,https://www.youtube.com/watch?v=oJfL9lqdAO4
701,https://www.youtube.com/watch?v=WcR-bC6UOgc
702,https://www.youtube.com/watch?v=5S7kG9DvxuY
703,https://www.youtube.com/watch?v=Qk17nCrId0M
704,https://www.youtube.com/watch?v=8jUzrAo_hcA
705,https://www.youtube.com/watch?v=C2HJ5VYKrqA
706,https://www.youtube.com/watch?v=bcWFpHcXCe0
707,https://www.youtube.com/watch?v=ehhrLC9Eg98
708,https://www.youtube.com/watch?v=39_BDOamF2A
709,https://www.youtube.com/watch?v=iUgS5QWWrgk
710,https://www.youtube.com/watch?v=AjdQUJRUeH4
711,https://www.youtube.com/watch?v=pHJLhzPbkw4
712,https://www.youtube.com/watch?v=IMpoFXW6SeE
713,https://www.youtube.com/watch?v=_6C1akiG16E
714,https://www.youtube.com/watch?v=Uq5j2M23Eqs
715,https://www.youtube.com/watch?v=DN3bhNLNagk
716,https://www.youtube.com/watch?v=jXiQEejtKe0
717,https://www.youtube.com/watch?v=ayFpU5_QVKE
718,https://www.youtube.com/watch?v=a6PYYi81dTo
719,https://www.youtube.com/watch?v=WWQZwUqG2tQ
720,https://www.youtube.com/watch?v=hsAd_M0tMsM
721,https://www.youtube.com/watch?v=9sfw_XL6ZdY
722,https://www.youtube.com/watch?v=HnYpAzbL9mc
723,https://www.youtube.com/watch?v=bebQWNiBwbc
724,https://www.youtube.com/watch?v=cdVCzyE3HKM
725,https://www.youtube.com/watch?v=GBv-_myqv9Y
726,https://www.youtube.com/watch?v=MRA_KVUqEyU
727,https://www.youtube.com/watch?v=c_LK6tNjdE8
728,https://www.youtube.com/watch?v=rmigY_vD_uM
729,https://www.youtube.com/watch?v=0exDJvdoJpU
730,https://www.youtube.com/watch?v=GeGoz1UaYYU
731,https://www.youtube.com/watch?v=lNFsqMB0WTo
732,https://www.youtube.com/watch?v=JF_MIbPyUGA
733,https://www.youtube.com/watch?v=0ANIh2O-zAk
734,https://www.youtube.com/watch?v=YzzC_mXdK1U
735,https://www.youtube.com/watch?v=xPFVqgWQsIE
736,https://www.youtube.com/watch?v=zTNYXFrznsI
737,https://www.youtube.com/watch?v=0bhysxk20lI
738,https://www.youtube.com/watch?v=56wOyNHnV2U
739,https://www.youtube.com/watch?v=wOXJTQR2-k8
740,https://www.youtube.com/watch?v=GPlDsxnqgQc
741,https://www.youtube.com/watch?v=GJIqMvRJuJU
742,https://www.youtube.com/watch?v=wX18z93RJ3s
743,https://www.youtube.com/watch?v=gv-Qj4hxTgs
744,https://www.youtube.com/watch?v=6P9B6gMQhps
745,https://www.youtube.com/watch?v=mBy-CFaAtZA
746,https://www.youtube.com/watch?v=vAcOmJD5mD8
747,https://www.youtube.com/watch?v=l0PWIAjM2ac
748,https://www.youtube.com/watch?v=nWhpyRPHUGs
749,https://www.youtube.com/watch?v=FNytgxlW1qs
750,https://www.youtube.com/watch?v=oXDx3T37_VU
751,https://www.youtube.com/watch?v=JvjseSH77Ds
752,https://www.youtube.com/watch?v=XXxUfNzSkXY
753,https://www.youtube.com/watch?v=DAFJLH2DZJY
754,https://www.youtube.com/watch?v=IrQZgJumMpI
755,https://www.youtube.com/watch?v=R-C1AYAhTDQ
756,https://www.youtube.com/watch?v=Nr_vyXLR8V4
757,https://www.youtube.com/watch?v=o2-JjqiQZ0s
758,https://www.youtube.com/watch?v=ADIVCODXdTE
759,https://www.youtube.com/watch?v=S64VMuW21u0
760,https://www.youtube.com/watch?v=5VTZTKDvOfc
761,https://www.youtube.com/watch?v=IaSpas9hWNQ
762,https://www.youtube.com/watch?v=ZNWeHjxXoBA
763,https://www.youtube.com/watch?v=lQtXVTIFq8I
764,https://www.youtube.com/watch?v=v7Wn8yeZzcg
765,https://www.youtube.com/watch?v=zKb77pJmuBA
766,https://www.youtube.com/watch?v=IlrPJ6HvVKA
767,https://www.youtube.com/watch?v=ZeT9cO2PHI8
768,https://www.youtube.com/watch?v=0-MaVgYvS1I
769,https://www.youtube.com/watch?v=GvRyJmyWI_8
770,https://www.youtube.com/watch?v=m6lyyrpv1lc
771,https://www.youtube.com/watch?v=sfj1RczWHEY
772,https://www.youtube.com/watch?v=czogWQ34X1Y
773,https://www.youtube.com/watch?v=KCRVW-Yov9g
774,https://www.youtube.com/watch?v=2k-vkvJHL_I
775,https://www.youtube.com/watch?v=Psw1D4RiRMU
776,https://www.youtube.com/watch?v=kODwB5FrKr0
777,https://www.youtube.com/watch?v=EUh0ZcHNHqw
778,https://www.youtube.com/watch?v=bswN3JE0kjs
779,https://www.youtube.com/watch?v=A8rYabHdmjA
780,https://www.youtube.com/watch?v=0IVMldzy5Qo
781,https://www.youtube.com/watch?v=1jL0tXDZFuA
782,https://www.youtube.com/watch?v=SyEz5w2Vpzg
783,https://www.youtube.com/watch?v=ry-EqnwXTe4
784,https://www.youtube.com/watch?v=lHbwoqzZp-8
785,https://www.youtube.com/watch?v=4qzqXszEWB4
786,https://www.youtube.com/watch?v=RfN-RYJsG5c
787,https://www.youtube.com/watch?v=X0_hUWiX7cg
788,https://www.youtube.com/watch?v=CwTn1Yd4nEc
789,https://www.youtube.com/watch?v=dst2OxwxNSQ
790,https://www.youtube.com/watch?v=O0cuiS-qMyA
791,https://www.youtube.com/watch?v=ZCPS5NzajRQ
792,https://www.youtube.com/watch?v=Qzd-h1VFKbg
793,https://www.youtube.com/watch?v=Q4gR8hDviSI
794,https://www.youtube.com/watch?v=GXdaCcYoZsA
795,https://www.youtube.com/watch?v=qZyK10TfMMI
796,https://www.youtube.com/watch?v=DZ6LdFC2bec
797,https://www.youtube.com/watch?v=WhvgQpvDSng
798,https://www.youtube.com/watch?v=CGo877PLyaA
799,https://www.youtube.com/watch?v=7ZvwYJFu3eE
800,https://www.youtube.com/watch?v=FQfwWXaSPqo
801,https://www.youtube.com/watch?v=xpjc5X3NkUw
802,https://www.youtube.com/watch?v=fOLMG0GkOrE
803,https://www.youtube.com/watch?v=JLWzHihSC-I
804,https://www.youtube.com/watch?v=EOv7tvgXiz8
805,https://www.youtube.com/watch?v=4sZhEEe_wLM
806,https://www.youtube.com/watch?v=BMbrXFcYEE4
807,https://www.youtube.com/watch?v=O_YEzdJs3aY
808,https://www.youtube.com/watch?v=8-xZ-5O11Ts
809,https://www.youtube.com/watch?v=xgTfqD2V0Q0
810,https://www.youtube.com/watch?v=8UfB8fgIWwE
811,https://www.youtube.com/watch?v=-pEPhfMSOAM
812,https://www.youtube.com/watch?v=1o2AzEAlkwk
813,https://www.youtube.com/watch?v=JrmJrlSSc90
814,https://www.youtube.com/watch?v=H6nTpkd_7I8
815,https://www.youtube.com/watch?v=SOD_bnDn82o
816,https://www.youtube.com/watch?v=sL-TFkunNUg
817,https://www.youtube.com/watch?v=zXxInwJFzQs
818,https://www.youtube.com/watch?v=FuQnBHoezvs
819,https://www.youtube.com/watch?v=A9YSFG7V_K0
820,https://www.youtube.com/watch?v=uJ92LwlehNA
821,https://www.youtube.com/watch?v=3ORtBC1WbeY
822,https://www.youtube.com/watch?v=VWqDhEnZfWw
823,https://www.youtube.com/watch?v=Df-l7rzSKoY
824,https://www.youtube.com/watch?v=0hER_ReB-P4
825,https://www.youtube.com/watch?v=qJw1cHvQRlQ
826,https://www.youtube.com/watch?v=GOU_F7iLUR8
827,https://www.youtube.com/watch?v=-WR3AFIBWKs
828,https://www.youtube.com/watch?v=-E6S064_Dgc
829,https://www.youtube.com/watch?v=lh63utHPlj0
830,https://www.youtube.com/watch?v=NgL7FJUdS_Y
831,https://www.youtube.com/watch?v=LfrqTY7LZVQ
832,https://www.youtube.com/watch?v=U8ud1ViHKuQ
833,https://www.youtube.com/watch?v=vnkzZaoq-E4
834,https://www.youtube.com/watch?v=hcJY-Eg2hGQ
835,https://www.youtube.com/watch?v=SXxnZKom6sg
836,https://www.youtube.com/watch?v=Yp4Yk4vy_RA
837,https://www.youtube.com/watch?v=p9zOB9RqnBw
838,https://www.youtube.com/watch?v=imJVjeArqyE
839,https://www.youtube.com/watch?v=jBUj3Bn-ga8
840,https://www.youtube.com/watch?v=gkt79OeFAOE
841,https://www.youtube.com/watch?v=y-lwZIYQlwY
842,https://www.youtube.com/watch?v=PDP6hVQfe_4
843,https://www.youtube.com/watch?v=dp5EvVVK4nw
844,https://www.youtube.com/watch?v=ETsXNaID-r0
845,https://www.youtube.com/watch?v=jGDN68TELNY
846,https://www.youtube.com/watch?v=36dErFlS9eg
847,https://www.youtube.com/watch?v=tH0ixPX42XU
848,https://www.youtube.com/watch?v=UqInKbRWtf4
849,https://www.youtube.com/watch?v=XcABNdqo_P4
850,https://www.youtube.com/watch?v=E442PpbwBuM
851,https://www.youtube.com/watch?v=LhsgWSu_S54
852,https://www.youtube.com/watch?v=eZxnQECkZsM
853,https://www.youtube.com/watch?v=K_sSoz69dFA
854,https://www.youtube.com/watch?v=SUPwl1GqgJM
855,https://www.youtube.com/watch?v=1dD3YnKtCno
856,https://www.youtube.com/watch?v=jah6seQ4Isk
857,https://www.youtube.com/watch?v=jCL954Dn70Q
858,https://www.youtube.com/watch?v=B5OWHgv5eKA
859,https://www.youtube.com/watch?v=6N5UdNpABVU
860,https://www.youtube.com/watch?v=PRUSyDpQA3s
861,https://www.youtube.com/watch?v=eDjKZVTV4ZI
862,https://www.youtube.com/watch?v=2Y04tDi1btg
863,https://www.youtube.com/watch?v=L2LGuthPY6g
864,https://www.youtube.com/watch?v=ZY03C610T68
865,https://www.youtube.com/watch?v=7ZSbabYQqU0
866,https://www.youtube.com/watch?v=ZRdHrnCYuVs
867,https://www.youtube.com/watch?v=v29y5BbvcoQ
868,https://www.youtube.com/watch?v=97XBAFf0JXU
869,https://www.youtube.com/watch?v=ZNu2b5sZWNY
870,https://www.youtube.com/watch?v=62kyn1YGKis
871,https://www.youtube.com/watch?v=URjRios6CQE
872,https://www.youtube.com/watch?v=rp0LFNAIO68
873,https://www.youtube.com/watch?v=3VHTquIQBBo
874,https://www.youtube.com/watch?v=0eeHXAMHGWI
875,https://www.youtube.com/watch?v=3j2uPmxzPn0
876,https://www.youtube.com/watch?v=GL3uV7J1ZZE
877,https://www.youtube.com/watch?v=-7CfyGyJ21w
878,https://www.youtube.com/watch?v=CIAxUX-B69w
879,https://www.youtube.com/watch?v=SW-wSaqtK-8
880,https://www.youtube.com/watch?v=SFtsc0fMSR0
881,https://www.youtube.com/watch?v=x2KMPF7htqo
882,https://www.youtube.com/watch?v=YIQ9ErZMpSw
883,https://www.youtube.com/watch?v=dPUnnt1RpC8
884,https://www.youtube.com/watch?v=C8o81vpOvtk
885,https://www.youtube.com/watch?v=vO11h5yREgI
886,https://www.youtube.com/watch?v=r_DaEAbSKMw
887,https://www.youtube.com/watch?v=4aOGIq3McDg
888,https://www.youtube.com/watch?v=oZ2Urt3Ugm4
889,https://www.youtube.com/watch?v=Y0NEtqwO6mw
890,https://www.youtube.com/watch?v=pHPIN0eTtgA
891,https://www.youtube.com/watch?v=_L65rcHWQ-4
892,https://www.youtube.com/watch?v=rAykE_Ryh08
893,https://www.youtube.com/watch?v=_TKYHdJblck
894,https://www.youtube.com/watch?v=hk6XzCSUPJM
895,https://www.youtube.com/watch?v=IHs6sVrFkb8
896,https://www.youtube.com/watch?v=vHNB75ZvCVA
897,https://www.youtube.com/watch?v=H-EM4Em1ngE
898,https://www.youtube.com/watch?v=pkr29u4pOFI
899,https://www.youtube.com/watch?v=jMsH664sR5A
900,https://www.youtube.com/watch?v=PL_4uH7ME7I
901,https://www.youtube.com/watch?v=MJtZjjCHWGE
902,https://www.youtube.com/watch?v=iyZ-6M_Q6M4
903,https://www.youtube.com/watch?v=w2e-FbEpgvA
904,https://www.youtube.com/watch?v=sTFqrWLp8WY
905,https://www.youtube.com/watch?v=RwXRMWoHRsM
906,https://www.youtube.com/watch?v=mxir8nOnV9Q
907,https://www.youtube.com/watch?v=-PBxFq21uGM
908,https://www.youtube.com/watch?v=MxKo7AGL44k
909,https://www.youtube.com/watch?v=MedCpoizDNk
910,https://www.youtube.com/watch?v=NRitOb53Khw
911,https://www.youtube.com/watch?v=10P4ZStaVMY
912,https://www.youtube.com/watch?v=1BtlLjQQZtQ
913,https://www.youtube.com/watch?v=WSfnxtpPe3Y
914,https://www.youtube.com/watch?v=hXgedGR3iG0
915,https://www.youtube.com/watch?v=x4M1erBEbW0
916,https://www.youtube.com/watch?v=ANGtSp7g0B8
917,https://www.youtube.com/watch?v=DmcFBCbjyVs
918,https://www.youtube.com/watch?v=6O1PlfEbHCw
919,https://www.youtube.com/watch?v=qufxofZppME
920,https://www.youtube.com/watch?v=dtNixlubgSo
921,https://www.youtube.com/watch?v=op81D19w794
922,https://www.youtube.com/watch?v=SOWbloG9ux0
923,https://www.youtube.com/watch?v=DKJJjZYNbIk
924,https://www.youtube.com/watch?v=1PSPj3JChmg
925,https://www.youtube.com/watch?v=-eQReVMocS0
926,https://www.youtube.com/watch?v=FeH5JZ9hExs
927,https://www.youtube.com/watch?v=SDFx0ecGAq8
928,https://www.youtube.com/watch?v=5xr0962p8ds
929,https://www.youtube.com/watch?v=wtg0ZU3A9Ns
930,https://www.youtube.com/watch?v=XtlMhE6jJvc
931,https://www.youtube.com/watch?v=b7bsSDPOftw
932,https://www.youtube.com/watch?v=ZbnYodzQDSQ
933,https://www.youtube.com/watch?v=SJ0G1iCLzCA
934,https://www.youtube.com/watch?v=naTSUMiJVQg
935,https://www.youtube.com/watch?v=rAEw3e06Au4
936,https://www.youtube.com/watch?v=dUqDCVTEFoE
937,https://www.youtube.com/watch?v=Tv6UpH7FK0k
938,https://www.youtube.com/watch?v=Lw5NRMlExqc
939,https://www.youtube.com/watch?v=2O8qKg20sLo
940,https://www.youtube.com/watch?v=yqQFID2xYPM
941,https://www.youtube.com/watch?v=ojwO_SNmGQM
942,https://www.youtube.com/watch?v=L1iXjcKzKWQ
943,https://www.youtube.com/watch?v=7X9JKY8vfqk
944,https://www.youtube.com/watch?v=fqZU_s3ye08
945,https://www.youtube.com/watch?v=Oh5-yK5-lKU
946,https://www.youtube.com/watch?v=CA4AHQh01kA
947,https://www.youtube.com/watch?v=Q0_jJUigz0U
948,https://www.youtube.com/watch?v=cz890CK0UZM
949,https://www.youtube.com/watch?v=JNxM9IYDBm0
950,https://www.youtube.com/watch?v=KylGmJZwjms
951,https://www.youtube.com/watch?v=yan67AJo07M
952,https://www.youtube.com/watch?v=Ki4UwnLnI0E
953,https://www.youtube.com/watch?v=BNqVpHbfzxc
954,https://www.youtube.com/watch?v=RarlC9UF1fg
955,https://www.youtube.com/watch?v=qn7-0LNCm90
956,https://www.youtube.com/watch?v=6q8j1V_ipY4
957,https://www.youtube.com/watch?v=gHgvvlmYULk
958,https://www.youtube.com/watch?v=x08qpvNI3Cs
959,https://www.youtube.com/watch?v=68QmFRpB8MU
960,https://www.youtube.com/watch?v=N6QQFMExq_k
961,https://www.youtube.com/watch?v=bsHbp2dpgNg
962,https://www.youtube.com/watch?v=66p9ufefVXg
963,https://www.youtube.com/watch?v=3EZT1Ug7r3I
964,https://www.youtube.com/watch?v=d_uqvRfv8V0
965,https://www.youtube.com/watch?v=4GiPI4CbY8U
966,https://www.youtube.com/watch?v=VnferrIKPOg
967,https://www.youtube.com/watch?v=Rw01Qng_sLY
968,https://www.youtube.com/watch?v=ovGhX2gAXxc
969,https://www.youtube.com/watch?v=CT2wd5gOSBU
970,https://www.youtube.com/watch?v=Yic1r_oeo24
971,https://www.youtube.com/watch?v=eHV-r8X4u-w
972,https://www.youtube.com/watch?v=2jvxwNyedXs
973,https://www.youtube.com/watch?v=7otdflO1VVw
974,https://www.youtube.com/watch?v=VP-e29nelok
975,https://www.youtube.com/watch?v=SDin7ywhRds
976,https://www.youtube.com/watch?v=0CWUH8NV9fE
977,https://www.youtube.com/watch?v=KTvSfeCRxe8
978,https://www.youtube.com/watch?v=3UXzn7qGFsA
979,https://www.youtube.com/watch?v=IHv1gdnXD1c
980,https://www.youtube.com/watch?v=yiBr3T9MVOU
981,https://www.youtube.com/watch?v=WesBwF_4pp4
982,https://www.youtube.com/watch?v=8eBJ0hAHNMc
983,https://www.youtube.com/watch?v=AXq_MuapKyc
984,https://www.youtube.com/watch?v=vIsdFwCCyRU
985,https://www.youtube.com/watch?v=2Num0P3H7lU
986,https://www.youtube.com/watch?v=xU-TDtk021U
987,https://www.youtube.com/watch?v=yqF5C0xU-f4
988,https://www.youtube.com/watch?v=Q6_IsvgWzc0
989,https://www.youtube.com/watch?v=Zos4_c6u0lk
990,https://www.youtube.com/watch?v=sn3kRJf-ub4
991,https://www.youtube.com/watch?v=kaXruXCcpWg
992,https://www.youtube.com/watch?v=JvMXJOOBN9o
993,https://www.youtube.com/watch?v=0_oSew2QQs8
994,https://www.youtube.com/watch?v=-vsApqWkCzE
995,https://www.youtube.com/watch?v=AMvTbQyB2RU
996,https://www.youtube.com/watch?v=FTjNwTYWyPY
997,https://www.youtube.com/watch?v=bpQAopmlmbo
998,https://www.youtube.com/watch?v=3XvP1i_ffNk
999,https://www.youtube.com/watch?v=ENRF6hj7pgA
1000,https://www.youtube.com/watch?v=ythlZMUxCHM
1001,https://www.youtube.com/watch?v=15XsUGhStWU
1002,https://www.youtube.com/watch?v=uu92fPGg4-Y
1003,https://www.youtube.com/watch?v=BCZXIKdmSWA
1004,https://www.youtube.com/watch?v=g6mMGbKGQQM
1005,https://www.youtube.com/watch?v=s916STFQrQQ
1006,https://www.youtube.com/watch?v=bhgnFphhcTY
1007,https://www.youtube.com/watch?v=LaQhfvkuHI0
1008,https://www.youtube.com/watch?v=WQ4s_Fc0nNw
1009,https://www.youtube.com/watch?v=7WetxwCC-uk
1010,https://www.youtube.com/watch?v=SFUuiwYgCw0
1011,https://www.youtube.com/watch?v=oQTsTHJYTQs
1012,https://www.youtube.com/watch?v=4xWJf8cERoM
1013,https://www.youtube.com/watch?v=e5MoiQNfFug
1014,https://www.youtube.com/watch?v=d3e9MeyK0Wk
1015,https://www.youtube.com/watch?v=UFAYYflhSMQ
1016,https://www.youtube.com/watch?v=VwhqzzSYZBQ
1017,https://www.youtube.com/watch?v=UIZO7R7jbI4
1018,https://www.youtube.com/watch?v=-T1Er1kk1Yo
1019,https://www.youtube.com/watch?v=YHNY1ymdhUg
1020,https://www.youtube.com/watch?v=ZaNb--Fio2w
1021,https://www.youtube.com/watch?v=ga2aqOl1KoY
1022,https://www.youtube.com/watch?v=hg3umXU_qWc
1023,https://www.youtube.com/watch?v=PKq8MqrvYU8
1024,https://www.youtube.com/watch?v=8ph3J9PXW5Y
1025,https://www.youtube.com/watch?v=8b9m9zbZQ5Q
1026,https://www.youtube.com/watch?v=mTmlDSI3UpQ
1027,https://www.youtube.com/watch?v=k2v4-5glGvE
1028,https://www.youtube.com/watch?v=lH1gyls35EE
1029,https://www.youtube.com/watch?v=kyS9R1MJ350
1030,https://www.youtube.com/watch?v=u11KImZ89F8
1031,https://www.youtube.com/watch?v=xfZNLNpZOIM
1032,https://www.youtube.com/watch?v=5UrXg3_VZLU
1033,https://www.youtube.com/watch?v=mn6pAax14kM
1034,https://www.youtube.com/watch?v=Bn6nRfQjhEc
1035,https://www.youtube.com/watch?v=LY2SKUI0uFo
1036,https://www.youtube.com/watch?v=TTyXic7Q3Ik
1037,https://www.youtube.com/watch?v=DgOo4r18PhY
1038,https://www.youtube.com/watch?v=l4Vu_KfH1Uo
1039,https://www.youtube.com/watch?v=VkiljERTvNM
1040,https://www.youtube.com/watch?v=GwIOefm_QL0
1041,https://www.youtube.com/watch?v=6ynvriz77lM
1042,https://www.youtube.com/watch?v=Ulh0DnFUGsk
1043,https://www.youtube.com/watch?v=VQZbRQ6d_88
1044,https://www.youtube.com/watch?v=PbgEOPtB-v0
1045,https://www.youtube.com/watch?v=DzBjE_nvJ4w
1046,https://www.youtube.com/watch?v=ks6cXy3l-Rk
1047,https://www.youtube.com/watch?v=azTqtWQnITw
1048,https://www.youtube.com/watch?v=GDeIL3qBAiM
1049,https://www.youtube.com/watch?v=8JuFdbD0X_c
1050,https://www.youtube.com/watch?v=xknkCJMZajA
1051,https://www.youtube.com/watch?v=uUSo_iK-5HU
1052,https://www.youtube.com/watch?v=WL3VTkUscEs
1053,https://www.youtube.com/watch?v=fbc582ARa8s
1054,https://www.youtube.com/watch?v=-F7uNz9LsZw
1055,https://www.youtube.com/watch?v=vVCNP1s9G9g
1056,https://www.youtube.com/watch?v=9YBFoxZsQ8k
1057,https://www.youtube.com/watch?v=AA4NWAXkN_M
1058,https://www.youtube.com/watch?v=iPNn9QcWHN4
1059,https://www.youtube.com/watch?v=ZyX23cl7GlE
1060,https://www.youtube.com/watch?v=QwANVCyOkFg
1061,https://www.youtube.com/watch?v=o9EKvj86xq4
1062,https://www.youtube.com/watch?v=rhcSuhOL4n0
1063,https://www.youtube.com/watch?v=iQ8eFUaOSe8
1064,https://www.youtube.com/watch?v=0FCjhY9OURc
1065,https://www.youtube.com/watch?v=M_XtXV-rJmA
1066,https://www.youtube.com/watch?v=K0YXt_dfnxY
1067,https://www.youtube.com/watch?v=KfrApdRw3sU
1068,https://www.youtube.com/watch?v=Xom5LWkDFdk
1069,https://www.youtube.com/watch?v=YYGKQjrv-3o
1070,https://www.youtube.com/watch?v=2JByND4e_Vs
1071,https://www.youtube.com/watch?v=N_TecYYs3uI
1072,https://www.youtube.com/watch?v=uqzYBstwRiQ
1073,https://www.youtube.com/watch?v=I9M-QkpH18w
1074,https://www.youtube.com/watch?v=LcJvS0gxSu8
1075,https://www.youtube.com/watch?v=wnXv3hv4aDk
1076,https://www.youtube.com/watch?v=pfAH0Synr-g
1077,https://www.youtube.com/watch?v=5_vVccDyq90
1078,https://www.youtube.com/watch?v=DPbBeT5D34E
1079,https://www.youtube.com/watch?v=BhfQcC_fvUg
1080,https://www.youtube.com/watch?v=cU51Hw50yRs
1081,https://www.youtube.com/watch?v=DuW30d9B43E
1082,https://www.youtube.com/watch?v=DObUFaXmxSQ
1083,https://www.youtube.com/watch?v=nXU6DEaMi_4
1084,https://www.youtube.com/watch?v=jyXGNgGxqp8
1085,https://www.youtube.com/watch?v=-u9waz8JVlY
1086,https://www.youtube.com/watch?v=hr7hyPxAg3Q
1087,https://www.youtube.com/watch?v=NEZDlSLDRmQ
1088,https://www.youtube.com/watch?v=HQ9_-bKI9wM
1089,https://www.youtube.com/watch?v=1AAdeoHGOus
1090,https://www.youtube.com/watch?v=QILIyGiEjNA
1091,https://www.youtube.com/watch?v=xHh4u5TpMCs
1092,https://www.youtube.com/watch?v=_ti8JV7B0vc
1093,https://www.youtube.com/watch?v=eJEQC1prsM0
1094,https://www.youtube.com/watch?v=cr9aY1K8800
1095,https://www.youtube.com/watch?v=mRDV-w184Iw
1096,https://www.youtube.com/watch?v=cM0_drDOjgo
1097,https://www.youtube.com/watch?v=NCWf2Ko4yA4
1098,https://www.youtube.com/watch?v=EmN4jIfgpyY
1099,https://www.youtube.com/watch?v=dB6SgaNfcQ4
1100,https://www.youtube.com/watch?v=Cf21CJkbGWw
1101,https://www.youtube.com/watch?v=atMTFpX_TN4
1102,https://www.youtube.com/watch?v=FyZsPUnPGj0
1103,https://www.youtube.com/watch?v=81fus7s6jHw
1104,https://www.youtube.com/watch?v=AdYgbbwxk1k
1105,https://www.youtube.com/watch?v=6BVS1R08IMM
1106,https://www.youtube.com/watch?v=eZb7Mr_U6rY
1107,https://www.youtube.com/watch?v=ClXDHxGkSyU
1108,https://www.youtube.com/watch?v=7hYDC6qzr7U
1109,https://www.youtube.com/watch?v=d3ALf_ft2As
1110,https://www.youtube.com/watch?v=T_LPWYMktPM
1111,https://www.youtube.com/watch?v=jro8j62SG34
1112,https://www.youtube.com/watch?v=gWmao0f0o4w
1113,https://www.youtube.com/watch?v=o_hsWRVR8_M
1114,https://www.youtube.com/watch?v=tNL6_PoCIh4
1115,https://www.youtube.com/watch?v=YZkdETvUwM0
1116,https://www.youtube.com/watch?v=y733Lr-wyWw
1117,https://www.youtube.com/watch?v=vmWJrcpLh-Q
1118,https://www.youtube.com/watch?v=uKd9MxBzAUc
1119,https://www.youtube.com/watch?v=roH_6W6I2q4
1120,https://www.youtube.com/watch?v=6k8EdZ1jXa0
1121,https://www.youtube.com/watch?v=qZdv-PTiOGk
1122,https://www.youtube.com/watch?v=Lf-U6OKMDHE
1123,https://www.youtube.com/watch?v=IULKAkyMMkw
1124,https://www.youtube.com/watch?v=KH_QIet0_u0
1125,https://www.youtube.com/watch?v=S0kw87jC3T0
1126,https://www.youtube.com/watch?v=KTLNSQ764Eo
1127,https://www.youtube.com/watch?v=1kxQM7AhyPM
1128,https://www.youtube.com/watch?v=vInew-ZYjsA
1129,https://www.youtube.com/watch?v=t3PWrYlZ5zc
1130,https://www.youtube.com/watch?v=9HBNQK0ksO4
1131,https://www.youtube.com/watch?v=2IrwMmrGois
1132,https://www.youtube.com/watch?v=sG8naI73Y8I
1133,https://www.youtube.com/watch?v=TbUf_K31AGI
1134,https://www.youtube.com/watch?v=laX23uXLxFE
1135,https://www.youtube.com/watch?v=o9YGRoEZKHc
1136,https://www.youtube.com/watch?v=6S-B14vw1DQ
1137,https://www.youtube.com/watch?v=9T1HzJ0oeKQ
1138,https://www.youtube.com/watch?v=mDRWYwx5uMM
1139,https://www.youtube.com/watch?v=46olmtdosdc
1140,https://www.youtube.com/watch?v=zJZsmwyzUsM
1141,https://www.youtube.com/watch?v=Du1_4Id1JAU
1142,https://www.youtube.com/watch?v=jIjxrn0fAVY
1143,https://www.youtube.com/watch?v=UI2X0RgGuJw
1144,https://www.youtube.com/watch?v=u0m9-A59mqw
1145,https://www.youtube.com/watch?v=GfqPdTXDr1g
1146,https://www.youtube.com/watch?v=4yTJFJN0-_4
1147,https://www.youtube.com/watch?v=By_-7cP3PBQ
1148,https://www.youtube.com/watch?v=WtAlqZQd9qY
1149,https://www.youtube.com/watch?v=5mXguK4PJHQ
1150,https://www.youtube.com/watch?v=lYXl8Yeupuo
1151,https://www.youtube.com/watch?v=mD3eij2FSDY
1152,https://www.youtube.com/watch?v=nSHVIe4g6sA
1153,https://www.youtube.com/watch?v=TM_xucsmG1k
1154,https://www.youtube.com/watch?v=FY9LNvuKxTM
1155,https://www.youtube.com/watch?v=vO6xEP6Wels
1156,https://www.youtube.com/watch?v=La8Pw8tjciI
1157,https://www.youtube.com/watch?v=XRnkef8qYxQ
1158,https://www.youtube.com/watch?v=Qdftg46HqcQ
1159,https://www.youtube.com/watch?v=Xo-336enuHA
1160,https://www.youtube.com/watch?v=T6qD8LTrmuA
1161,https://www.youtube.com/watch?v=pnB9lOcgk-g
1162,https://www.youtube.com/watch?v=HHsYEbKCVi4
1163,https://www.youtube.com/watch?v=LQBRKRPPGC0
1164,https://www.youtube.com/watch?v=NLHpV5_sQN8
1165,https://www.youtube.com/watch?v=z1Tj96uzsYQ
1166,https://www.youtube.com/watch?v=HlVNFKEJJo4
1167,https://www.youtube.com/watch?v=fQiYsx0tlng
1168,https://www.youtube.com/watch?v=7w_AWNdPTV4
1169,https://www.youtube.com/watch?v=HMMFcT4uoyo
1170,https://www.youtube.com/watch?v=zD6ng9kWXxY
1171,https://www.youtube.com/watch?v=PqBeEWp_aiw
1172,https://www.youtube.com/watch?v=JZ2afPn91tw
1173,https://www.youtube.com/watch?v=EvQ-PMWLrSU
1174,https://www.youtube.com/watch?v=iXZcYBlSeDs
1175,https://www.youtube.com/watch?v=kDC82yhpZ7A
1176,https://www.youtube.com/watch?v=I6HW-59XkvA
1177,https://www.youtube.com/watch?v=ITzqvxNL0d8
1178,https://www.youtube.com/watch?v=GodXEPlTQK0
1179,https://www.youtube.com/watch?v=xuCN17B_4lE
1180,https://www.youtube.com/watch?v=rYhVglm8-iM
1181,https://www.youtube.com/watch?v=_vPYjp8rLJ4
1182,https://www.youtube.com/watch?v=dOkcez2nwvg
1183,https://www.youtube.com/watch?v=9inKfgHxAkc
1184,https://www.youtube.com/watch?v=WWoUKf5fEQI
1185,https://www.youtube.com/watch?v=fUM0ZIHa8G8
1186,https://www.youtube.com/watch?v=7zeFkSd7Hr8
1187,https://www.youtube.com/watch?v=7ijfkDyw6sA
1188,https://www.youtube.com/watch?v=0OLkRrLvgR8
1189,https://www.youtube.com/watch?v=Ut_QE2pxAD8
1190,https://www.youtube.com/watch?v=MI1UTlY3-zI
1191,https://www.youtube.com/watch?v=mWrq6PjwKLs
1192,https://www.youtube.com/watch?v=9vtZLbsmfJg
1193,https://www.youtube.com/watch?v=wYs19Cp34m4
1194,https://www.youtube.com/watch?v=w4dVscid4lY
1195,https://www.youtube.com/watch?v=OsebxSeT19w
1196,https://www.youtube.com/watch?v=Ic9vyOreaZ8
1197,https://www.youtube.com/watch?v=a-Sfm8RYTMk
1198,https://www.youtube.com/watch?v=dkDJlqBPpkQ
1199,https://www.youtube.com/watch?v=dHP5iaHgLpc
1200,https://www.youtube.com/watch?v=1U_YVrl-n-w
1201,https://www.youtube.com/watch?v=uYo7-5Y3uyo
1202,https://www.youtube.com/watch?v=d924i1pyWX4
1203,https://www.youtube.com/watch?v=ad2gJVrB_rk
1204,https://www.youtube.com/watch?v=HrvPZTbnWkw
1205,https://www.youtube.com/watch?v=l_P-u-YpspA
1206,https://www.youtube.com/watch?v=nCHCqu5UZzw
1207,https://www.youtube.com/watch?v=8UnIlwmJ9X0
1208,https://www.youtube.com/watch?v=0HGjvv8Ptyg
1209,https://www.youtube.com/watch?v=jYWsLq7DBvU
1210,https://www.youtube.com/watch?v=3oItzIWkw94
1211,https://www.youtube.com/watch?v=8wSKBmGnYUw
1212,https://www.youtube.com/watch?v=bQIDLxUrc4s
1213,https://www.youtube.com/watch?v=HoWFpXjdETs
1214,https://www.youtube.com/watch?v=yPp7-WXnZJQ
1215,https://www.youtube.com/watch?v=JPioWD17CLM
1216,https://www.youtube.com/watch?v=ac-pGjYw_Pk
1217,https://www.youtube.com/watch?v=mDc48G35y4g
1218,https://www.youtube.com/watch?v=t_W6j0GgBqI
1219,https://www.youtube.com/watch?v=qS_W2Um-ZeY
1220,https://www.youtube.com/watch?v=RCeCAQGoOmQ
1221,https://www.youtube.com/watch?v=phXs8U3-ceY
1222,https://www.youtube.com/watch?v=mRY6_fSrc9Q
1223,https://www.youtube.com/watch?v=uGc2mPUoud0
1224,https://www.youtube.com/watch?v=2treHj3JRiY
1225,https://www.youtube.com/watch?v=5WaDQ9_mbnU
1226,https://www.youtube.com/watch?v=UJl906koh0A
1227,https://www.youtube.com/watch?v=VLN5REAl8aM
1228,https://www.youtube.com/watch?v=yM3oYwPQQoY
1229,https://www.youtube.com/watch?v=pIcwbq0M_HY
1230,https://www.youtube.com/watch?v=ZlGMZJPnb0s
1231,https://www.youtube.com/watch?v=LPnYf_frhUE
1232,https://www.youtube.com/watch?v=zZMkst7qjZg
1233,https://www.youtube.com/watch?v=Ux8pQjEknzc
1234,https://www.youtube.com/watch?v=knnpf5JuRd0
1235,https://www.youtube.com/watch?v=Yhs65-Ugk8o
1236,https://www.youtube.com/watch?v=lkpyE5e56oQ
1237,https://www.youtube.com/watch?v=nVlbGVlU4NI
1238,https://www.youtube.com/watch?v=xIJ0ExRHsKo
1239,https://www.youtube.com/watch?v=pPJ7KEzGqGg
1240,https://www.youtube.com/watch?v=lMAJgQiUFrU
1241,https://www.youtube.com/watch?v=NcIklRXfrRs
1242,https://www.youtube.com/watch?v=iCJaAQa7kUY
1243,https://www.youtube.com/watch?v=1Qt-wFX6L-U
1244,https://www.youtube.com/watch?v=3NR_7GL01QE
1245,https://www.youtube.com/watch?v=Up8_IKImo38
1246,https://www.youtube.com/watch?v=WpBVgGLLmEc
1247,https://www.youtube.com/watch?v=gyxygVu4BJQ
1248,https://www.youtube.com/watch?v=6y-zase0bLs
1249,https://www.youtube.com/watch?v=mp51kBlespQ
1250,https://www.youtube.com/watch?v=-cgGSr1n9EA
1251,https://www.youtube.com/watch?v=uBQqN_fDZb4
1252,https://www.youtube.com/watch?v=fRr05TsW-Io
1253,https://www.youtube.com/watch?v=9Bhl3tPYeoo
1254,https://www.youtube.com/watch?v=jMgUsLuaQHM
1255,https://www.youtube.com/watch?v=bpybOzy6OBg
1256,https://www.youtube.com/watch?v=WA6k7Sa3scQ
1257,https://www.youtube.com/watch?v=GVD_szKQ25U
1258,https://www.youtube.com/watch?v=oaRd7_iQQFQ
1259,https://www.youtube.com/watch?v=Q0N1hc_jmMI
1260,https://www.youtube.com/watch?v=peFARCJnfyc
1261,https://www.youtube.com/watch?v=Ryr40YCABfY
1262,https://www.youtube.com/watch?v=Dx2t7AJHPfo
1263,https://www.youtube.com/watch?v=47_4i7lXxnk
1264,https://www.youtube.com/watch?v=ERvs7WaIAuc
1265,https://www.youtube.com/watch?v=uMJL7w8AonI
1266,https://www.youtube.com/watch?v=DMvdP1apFEM
1267,https://www.youtube.com/watch?v=zeoGv9Abcxs
1268,https://www.youtube.com/watch?v=UVf2nJASFEo
1269,https://www.youtube.com/watch?v=lUehA94Tivg
1270,https://www.youtube.com/watch?v=A8dNgN6Y0I8
1271,https://www.youtube.com/watch?v=9Vzr_cVarp0
1272,https://www.youtube.com/watch?v=oFkLJexpU6U
1273,https://www.youtube.com/watch?v=X3GwDqRgWeY
1274,https://www.youtube.com/watch?v=aQPrNilwjo8
1275,https://www.youtube.com/watch?v=BvpmZktlBFs
1276,https://www.youtube.com/watch?v=Qqd8dxETiGA
1277,https://www.youtube.com/watch?v=tNWZHS-2B68
1278,https://www.youtube.com/watch?v=ZWOlWO7dG2U
1279,https://www.youtube.com/watch?v=9vGoq5MRuGk
1280,https://www.youtube.com/watch?v=brM9raQtlY0
1281,https://www.youtube.com/watch?v=cTO52-fUfZU
1282,https://www.youtube.com/watch?v=Q0lVE_hD9Js
1283,https://www.youtube.com/watch?v=U8SOBOKunCI
1284,https://www.youtube.com/watch?v=URCZoc8Fwe8
1285,https://www.youtube.com/watch?v=mBeHcuJTkAs
1286,https://www.youtube.com/watch?v=sS-2xhvVe8Q
1287,https://www.youtube.com/watch?v=Y4jY_LMVJt0
1288,https://www.youtube.com/watch?v=MuYbFou90es
1289,https://www.youtube.com/watch?v=HqoaXMQHHgA
1290,https://www.youtube.com/watch?v=YLP3Epz2Dlo
1291,https://www.youtube.com/watch?v=UYzUqh3vBCc
1292,https://www.youtube.com/watch?v=AG85IUr8MDY
1293,https://www.youtube.com/watch?v=Uh_OB80xnJM
1294,https://www.youtube.com/watch?v=cJWyML2lruw
1295,https://www.youtube.com/watch?v=jbU3JjyZKwY
1296,https://www.youtube.com/watch?v=Tp5Bq-GNxvQ
1297,https://www.youtube.com/watch?v=3-JNtu_1psU
1298,https://www.youtube.com/watch?v=UlvzpLbExn4
1299,https://www.youtube.com/watch?v=73pahPVYCMQ
1300,https://www.youtube.com/watch?v=2JiEvGvkHDQ
1301,https://www.youtube.com/watch?v=v7NoToG1IH8
1302,https://www.youtube.com/watch?v=XM4dAcgBtho
1303,https://www.youtube.com/watch?v=wIDE1p3fZOY
1304,https://www.youtube.com/watch?v=iK7MCeuznRY
1305,https://www.youtube.com/watch?v=UpgZ5PCuf8A
1306,https://www.youtube.com/watch?v=3nVuDGPTy0Y
1307,https://www.youtube.com/watch?v=grseow_E_5Q
1308,https://www.youtube.com/watch?v=saLBWfBZHDc
1309,https://www.youtube.com/watch?v=7KRMuTkcRUY
1310,https://www.youtube.com/watch?v=Ep-1eRlKMW0
1311,https://www.youtube.com/watch?v=jrWGqnm4xAI
1312,https://www.youtube.com/watch?v=vxXHwq3N-k8
1313,https://www.youtube.com/watch?v=WrUfg3Kk19g
1314,https://www.youtube.com/watch?v=cU136EvsYus
1315,https://www.youtube.com/watch?v=78n1A2T3oBA
1316,https://www.youtube.com/watch?v=gCXfR3ABPAc
1317,https://www.youtube.com/watch?v=uIvkqzoJRFQ
1318,https://www.youtube.com/watch?v=aBLsWpymxsg
1319,https://www.youtube.com/watch?v=-9A0VdqPJqY
1320,https://www.youtube.com/watch?v=EJ6Nn3by0AU
1321,https://www.youtube.com/watch?v=WlbSwhdP9fg
1322,https://www.youtube.com/watch?v=SY9AvbA1x8w
1323,https://www.youtube.com/watch?v=XXCcs187bz0
1324,https://www.youtube.com/watch?v=kUeSwiuo3Gw
1325,https://www.youtube.com/watch?v=Tqy9-aXNEwI
1326,https://www.youtube.com/watch?v=eIQ2K4TC2Lg
1327,https://www.youtube.com/watch?v=kCC0vZEb97w
1328,https://www.youtube.com/watch?v=BHPA1XS40Lw
1329,https://www.youtube.com/watch?v=_pgpLFH4VVI
1330,https://www.youtube.com/watch?v=ATFD6nmu4cY
1331,https://www.youtube.com/watch?v=eSakk96nOsw
1332,https://www.youtube.com/watch?v=v9eEK3aPpR0
1333,https://www.youtube.com/watch?v=juKKXPAtg1E
1334,https://www.youtube.com/watch?v=Iugt_XcoFBw
1335,https://www.youtube.com/watch?v=DDiUrYyKQGU
1336,https://www.youtube.com/watch?v=imsHn5QgeoY
1337,https://www.youtube.com/watch?v=nlR1m9fVuQ8
1338,https://www.youtube.com/watch?v=xAk-CnGdO4Y
1339,https://www.youtube.com/watch?v=O5KnUVj0jwc
1340,https://www.youtube.com/watch?v=2t9NdDpwJos
1341,https://www.youtube.com/watch?v=Lm8LxQr1ajk
1342,https://www.youtube.com/watch?v=HPZJCUDzhIk
1343,https://www.youtube.com/watch?v=G-_FoFcdTz0
1344,https://www.youtube.com/watch?v=ts49iFU24So
1345,https://www.youtube.com/watch?v=7-LOlyXWMnA
